{
  "connectorName": "kafkaTransport",
  "operationName": "publishMessages",
  "title": "Publish Messages",
  "help": "<h1>Publish Messages</h1> <b>The publishMessages operation allows you to publish messages to the Kafka brokers via Kafka topics.</b><br><br><ul><li><a href=\"https://ei.docs.wso2.com/en/latest/micro-integrator/references/connectors/kafka-connector/kafka-connector-config/\"> More Help </a></li></ul>",
  "elements": [
    {
      "type": "attributeGroup",
      "value": {
        "groupName": "General",
        "elements": [
          {
            "type": "attribute",
            "value": {
              "name": "configRef",
              "displayName": "Connection",
              "inputType": "connection",
              "allowedConnectionTypes": [
                "kafka",
                "kafkaSecure"
              ],
              "defaultType": "connection.kafka",
              "defaultValue": "",
              "required": "true",
              "helpTip": "Connection to be used"
            }
          },
          {
            "type": "attributeGroup",
            "value": {
              "groupName": "Basic",
              "elements": [
                {
                  "type": "attribute",
                  "value": {
                    "name": "topic",
                    "displayName": "Topic",
                    "inputType": "stringOrExpression",
                    "defaultValue": "",
                    "required": "true",
                    "helpTip": "The name of the topic."
                  }
                },
                {
                  "type": "attribute",
                  "value": {
                    "name": "partitionNo",
                    "displayName": "Partition Number",
                    "inputType": "stringOrExpression",
                    "defaultValue": "",
                    "required": "true",
                    "helpTip": "The partition number of the topic."
                  }
                },
                {
                  "type": "attribute",
                  "value": {
                    "name": "Content-Type",
                    "displayName": "Content-Type",
                    "inputType": "stringOrExpression",
                    "defaultValue": "",
                    "required": "false",
                    "helpTip": "The Content-Type of the message."
                  }
                },
                {
                  "type": "attribute",
                  "value": {
                    "name": "key",
                    "displayName": "Key",
                    "inputType": "stringOrExpression",
                    "defaultValue": "",
                    "required": "false",
                    "helpTip": "The key of the message."
                  }
                },
                {
                  "type": "attribute",
                  "value": {
                    "name": "keySchema",
                    "displayName": "Key Schema",
                    "inputType": "stringOrExpression",
                    "defaultValue": "",
                    "required": "false",
                    "helpTip": "The Schema of the configured key."
                  }
                },
                {
                  "type": "attribute",
                  "value": {
                    "name": "keySchemaId",
                    "displayName": "Key Schema ID",
                    "inputType": "stringOrExpression",
                    "defaultValue": "",
                    "required": "false",
                    "helpTip": "The Schema id of the key schema that is stored in the confluent schema registry."
                  }
                },
                {
                  "type": "attribute",
                  "value": {
                    "name": "value",
                    "displayName": "Value",
                    "inputType": "stringOrExpression",
                    "defaultValue": "",
                    "required": "false",
                    "helpTip": "The value of the kafka message."
                  }
                },
                {
                  "type": "attribute",
                  "value": {
                    "name": "valueSchema",
                    "displayName": "Value Schema",
                    "inputType": "stringOrExpression",
                    "defaultValue": "",
                    "required": "false",
                    "helpTip": "The Schema of the configured value."
                  }
                },
                {
                  "type": "attribute",
                  "value": {
                    "name": "valueSchemaId",
                    "displayName": "Value Schema ID",
                    "inputType": "stringOrExpression",
                    "defaultValue": "",
                    "required": "false",
                    "helpTip": "The Schema id of the value schema that is stored in the confluent schema registry."
                  }
                }
              ]
            }
          }
        ]
      }
    }
  ]
}
