{
  "connectorName": "kafkaTransport",
  "connectionName": "kafkaSecure",
  "title": "Kafka Secured Connection",
  "help": "<h1>Kafka Connector</h1> <b>The Kafka connector allows you to access the Kafka Producer API through WSO2 EI and acts as a message producer that facilitates message publishing. The Kafka connector sends messages to the Kafka brokers.</b>",
  "elements": [
    {
      "type": "attribute",
      "value": {
        "name": "connectionName",
        "displayName": "Connection Name",
        "inputType": "string",
        "defaultValue": "KAFKA_CONNECTION_1",
        "required": "true",
        "helpTip": "The name for the kafka connection",
        "validation": "nameWithoutSpecialCharactors"
      }
    },
    {
      "type": "attributeGroup",
      "value": {
        "groupName": "General",
        "elements": [
          {
            "type": "attributeGroup",
            "value": {
              "groupName": "Basic",
              "elements": [
                {
                  "type": "attribute",
                  "value": {
                    "name": "bootstrapServers",
                    "displayName": "Bootstrap Servers",
                    "inputType": "stringOrExpression",
                    "defaultValue": "",
                    "required": "true",
                    "helpTip": "The Kafka brokers listed as host1:port1 and host2:port2."
                  }
                },
                {
                  "type": "attribute",
                  "value": {
                    "name": "keySerializerClass",
                    "displayName": "Key Serializer Class",
                    "inputType": "stringOrExpression",
                    "defaultValue": "",
                    "required": "true",
                    "helpTip": "The serializer class for the key that implements the serializer interface."
                  }
                },
                {
                  "type": "attribute",
                  "value": {
                    "name": "valueSerializerClass",
                    "displayName": "Value Serializer Class",
                    "inputType": "stringOrExpression",
                    "defaultValue": "",
                    "required": "true",
                    "helpTip": "The serializer class for the value that implements the serializer interface."
                  }
                },
                {
                  "type": "attribute",
                  "value": {
                    "name": "acks",
                    "displayName": "Acknowledgements",
                    "inputType": "stringOrExpression",
                    "defaultValue": "",
                    "required": "false",
                    "helpTip": "The number of acknowledgments that the producer requires for the leader to receive before considering a request to be complete."
                  }
                },
                {
                  "type": "attribute",
                  "value": {
                    "name": "bufferMemory",
                    "displayName": "Buffer Memory",
                    "inputType": "stringOrExpression",
                    "defaultValue": "",
                    "required": "false",
                    "helpTip": "The total bytes of memory the producer can use to buffer records waiting to be sent to the server."
                  }
                },
                {
                  "type": "attribute",
                  "value": {
                    "name": "compressionType",
                    "displayName": "Compression Type",
                    "inputType": "stringOrExpression",
                    "defaultValue": "",
                    "required": "false",
                    "helpTip": "The compression type for the data generated by the producer."
                  }
                },
                {
                  "type": "attribute",
                  "value": {
                    "name": "retries",
                    "displayName": "Retries",
                    "inputType": "stringOrExpression",
                    "defaultValue": "",
                    "required": "false",
                    "helpTip": "Set a value greater than zero if you want the client to resent any records automatically when a request fails."
                  }
                },
                {
                  "type": "attribute",
                  "value": {
                    "name": "batchSize",
                    "displayName": "Batch Size",
                    "inputType": "stringOrExpression",
                    "defaultValue": "",
                    "required": "false",
                    "helpTip": "Specify how many records the producer should batch together when multiple records are sent to the same partition."
                  }
                },
                {
                  "type": "attribute",
                  "value": {
                    "name": "clientId",
                    "displayName": "Client ID",
                    "inputType": "stringOrExpression",
                    "defaultValue": "",
                    "required": "false",
                    "helpTip": "The client identifier that you pass to the server when making requests."
                  }
                },
                {
                  "type": "attribute",
                  "value": {
                    "name": "sslKeyPassword",
                    "displayName": "SSL Key Password",
                    "inputType": "stringOrExpression",
                    "defaultValue": "",
                    "required": "false",
                    "helpTip": "The password of the private key in the keystore file. Setting this for the client is optional."
                  }
                },
                {
                  "type": "attribute",
                  "value": {
                    "name": "sslKeystoreLocation",
                    "displayName": "SSL Keystore Location",
                    "inputType": "stringOrExpression",
                    "defaultValue": "",
                    "required": "false",
                    "helpTip": "The location of the key store file. Setting this for the client is optional. Set this when you want to have two-way authentication for the client."
                  }
                },
                {
                  "type": "attribute",
                  "value": {
                    "name": "sslKeystorePassword",
                    "displayName": "SSL Keystore Password",
                    "inputType": "stringOrExpression",
                    "defaultValue": "",
                    "required": "false",
                    "helpTip": "The store password for the keystore file. Setting this for the client is optional. Set it only if ssl.keystore.location is configured."
                  }
                },
                {
                  "type": "attribute",
                  "value": {
                    "name": "sslTruststoreLocation",
                    "displayName": "SSL Truststore Location",
                    "inputType": "stringOrExpression",
                    "defaultValue": "",
                    "required": "false",
                    "helpTip": "The location of the trust store file."
                  }
                },
                {
                  "type": "attribute",
                  "value": {
                    "name": "sslTruststorePassword",
                    "displayName": "SSL Truststore Password",
                    "inputType": "stringOrExpression",
                    "defaultValue": "",
                    "required": "false",
                    "helpTip": "The password for the trust store file."
                  }
                }
              ]
            }
          }
        ]
      }
    },
    {
      "type": "attributeGroup",
      "value": {
        "groupName": "Advanced",
        "elements": [
          {
            "type": "attribute",
            "value": {
              "name": "lingerTime",
              "displayName": "Linger Time",
              "inputType": "stringOrExpression",
              "defaultValue": "",
              "required": "false",
              "helpTip":"The time, in milliseconds, to wait before sending a record. Set this property when you want the client to reduce the number of requests sent when the load is moderate. This adds a small delay rather than immediately sending out a record. Therefore, the producer waits up to allow other records to be sent so that the requests can be batched together."
            }
          },
          {
            "type": "attribute",
            "value": {
              "name": "maxBlockTime",
              "displayName": "Max Block Time",
              "inputType": "stringOrExpression",
              "defaultValue": "",
              "required": "false",
              "helpTip":"The maximum time in milliseconds that the KafkaProducer.send() and the KafkaProducer.partitionsFor() methods can be blocked."
            }
          },
          {
            "type": "attribute",
            "value": {
              "name": "maxRequestSize",
              "displayName": "Max Request Size",
              "inputType": "stringOrExpression",
              "defaultValue": "",
              "required": "false",
              "helpTip":"The maximum size of a request in bytes."
            }
          },
          {
            "type": "attribute",
            "value": {
              "name": "partitionerClass",
              "displayName": "Partitioner Class",
              "inputType": "stringOrExpression",
              "defaultValue": "",
              "required": "false",
              "helpTip":"The partitioner class that implements the partitioner interface."
            }
          },
          {
            "type": "attribute",
            "value": {
              "name": "receiveBufferBytes",
              "displayName": "Receive Buffer Bytes",
              "inputType": "stringOrExpression",
              "defaultValue": "",
              "required": "false",
              "helpTip":"The size of the TCP receive buffer (SO_RCVBUF) to use when reading data."
            }
          },
          {
            "type": "attribute",
            "value": {
              "name": "requestTimeout",
              "displayName": "Request Timeout",
              "inputType": "stringOrExpression",
              "defaultValue": "",
              "required": "false",
              "helpTip":"The maximum amount of time, in milliseconds, that a client waits for the server to respond."
            }
          },
          {
            "type": "attribute",
            "value": {
              "name": "timeout",
              "displayName": "Timeout",
              "inputType": "stringOrExpression",
              "defaultValue": "",
              "required": "false",
              "helpTip":"The maximum amount of time, in milliseconds, that the server waits for the acknowledgments from followers to meet the acknowledgment requirements that the producer has specified with acks configuration."
            }
          },
          {
            "type": "attribute",
            "value": {
              "name": "maxPoolSize",
              "displayName": "Max Pool Size",
              "inputType": "stringOrExpression",
              "defaultValue": "",
              "required": "false",
              "helpTip":"The maximum number of message requests that can share the Kafka connection."
            }
          },
          {
            "type": "attribute",
            "value": {
              "name": "blockOnBufferFull",
              "displayName": "Block On Buffer Full",
              "inputType": "booleanOrExpression",
              "defaultValue": "",
              "required": "false",
              "helpTip":"Set to true to stop accepting new records when the memory buffer is full. When blocking is not desirable, set this property to false, which causes the producer to throw an exception if a record is sent to the memory buffer when it is full."
            }
          },
          {
            "type": "attribute",
            "value": {
              "name": "maxInFlightRequestsPerConnection",
              "displayName": "Max In Flight Requests Per Connection",
              "inputType": "stringOrExpression",
              "defaultValue": "",
              "required": "false",
              "helpTip":"The maximum number of unacknowledged requests that the client can send via a single connection before blocking."
            }
          },
          {
            "type": "attribute",
            "value": {
              "name": "metadataFetchTimeout",
              "displayName": "Metadata Fetch Timeout",
              "inputType": "stringOrExpression",
              "defaultValue": "",
              "required": "false",
              "helpTip":"The maximum amount of time, in milliseconds, to block and wait for the metadata fetch to succeed before throwing an exception to the client."
            }
          },
          {
            "type": "attribute",
            "value": {
              "name": "metadataMaxAge",
              "displayName": "Metadata Max Age",
              "inputType": "stringOrExpression",
              "defaultValue": "",
              "required": "false",
              "helpTip":"The period of time, in milliseconds, after which you should refresh metadata even if there was no partition leadership changes to proactively discover any new brokers or partitions."
            }
          },
          {
            "type": "attribute",
            "value": {
              "name": "metricReporters",
              "displayName": "Metric Reporters",
              "inputType": "stringOrExpression",
              "defaultValue": "",
              "required": "false",
              "helpTip":"A list of classes to use as metrics reporters."
            }
          },
          {
            "type": "attribute",
            "value": {
              "name": "metricsNumSamples",
              "displayName": "Metric Reporters",
              "inputType": "stringOrExpression",
              "defaultValue": "",
              "required": "false",
              "helpTip":"The number of samples maintained to compute metrics."
            }
          },
          {
            "type": "attribute",
            "value": {
              "name": "metricsSampleWindow",
              "displayName": "Metrics Sample Window",
              "inputType": "stringOrExpression",
              "defaultValue": "",
              "required": "false",
              "helpTip":"The window of time, in milliseconds, that a metrics sample is computed over."
            }
          },
          {
            "type": "attribute",
            "value": {
              "name": "reconnectBackoff",
              "displayName": "Reconnect Backoff",
              "inputType": "stringOrExpression",
              "defaultValue": "",
              "required": "false",
              "helpTip":"The amount of time to wait before attempting to reconnect to a given host."
            }
          },
          {
            "type": "attribute",
            "value": {
              "name": "retryBackoff",
              "displayName": "Retry Backoff",
              "inputType": "stringOrExpression",
              "defaultValue": "",
              "required": "false",
              "helpTip":"The amount of time, in milliseconds, to wait before attempting to retry a failed request to a given topic partition."
            }
          },
          {
            "type": "attribute",
            "value": {
              "name": "saslJaasConfig",
              "displayName": "SASL Jaas Config",
              "inputType": "stringOrExpression",
              "defaultValue": "",
              "required": "false",
              "helpTip":"JAAS login context parameters for SASL connections in the format used by JAAS configuration files."
            }
          },
          {
            "type": "attribute",
            "value": {
              "name": "saslKerberosServiceName",
              "displayName": "SASL Kerberos Service Name",
              "inputType": "stringOrExpression",
              "defaultValue": "",
              "required": "false",
              "helpTip":"The Kerberos principal name that Kafka runs as."
            }
          },
          {
            "type": "attribute",
            "value": {
              "name": "saslKerberosKinitCmd",
              "displayName": "SASL Kerberos Kinit Path",
              "inputType": "stringOrExpression",
              "defaultValue": "",
              "required": "false",
              "helpTip":"The kerberos kinit command path."
            }
          },
          {
            "type": "attribute",
            "value": {
              "name": "saslKerberosKinitCmd",
              "displayName": "SASL Kerberos Kinit Command Path",
              "inputType": "stringOrExpression",
              "defaultValue": "",
              "required": "false",
              "helpTip":"The kerberos kinit command path."
            }
          },
          {
            "type": "attribute",
            "value": {
              "name": "saslKerberosMinTimeBeforeRelogin",
              "displayName": "SASL Kerberos Min Time Before Relogin",
              "inputType": "stringOrExpression",
              "defaultValue": "",
              "required": "false",
              "helpTip":"Login thread's sleep time, in milliseconds, between refresh attempts."
            }
          },
          {
            "type": "attribute",
            "value": {
              "name": "saslKerberosTicketRenewJitter",
              "displayName": "SASL Kerberos Ticket Renew Jitter",
              "inputType": "stringOrExpression",
              "defaultValue": "",
              "required": "false",
              "helpTip":"Percentage of random jitter added to the renewal time."
            }
          },
          {
            "type": "attribute",
            "value": {
              "name": "saslKerberosTicketRenewWindowFactor",
              "displayName": "SASL Kerberos Ticket Renew Window Factor",
              "inputType": "stringOrExpression",
              "defaultValue": "",
              "required": "false",
              "helpTip":"The login thread sleeps until the specified window factor of time from the last refresh to the ticket's expiry is reached, after which it will try to renew the ticket."
            }
          },
          {
            "type": "attribute",
            "value": {
              "name": "securityProtocol",
              "displayName": "Security Protocol",
              "inputType": "stringOrExpression",
              "defaultValue": "",
              "required": "false",
              "helpTip":"The protocol used to communicate with brokers."
            }
          },
          {
            "type": "attribute",
            "value": {
              "name": "poolingEnabled",
              "displayName": "Pooling Enabled",
              "inputType": "booleanOrExpression",
              "defaultValue": "",
              "required": "true",
              "helpTip":"Whether connection pooling is enabled or not."
            }
          },
          {
            "type": "attribute",
            "value": {
              "name": "maxActiveConnections",
              "displayName": "Max Active Connections",
              "inputType": "stringOrExpression",
              "defaultValue": "",
              "required": "true",
              "helpTip":"Maximum number of active connections."
            }
          },
          {
            "type": "attribute",
            "value": {
              "name": "maxIdleConnections",
              "displayName": "Max Idle Connections",
              "inputType": "stringOrExpression",
              "defaultValue": "",
              "required": "true",
              "helpTip":"Maximum number of idle connections."
            }
          },
          {
            "type": "attribute",
            "value": {
              "name": "maxWaitTime",
              "displayName": "Max Wait Time",
              "inputType": "stringOrExpression",
              "defaultValue": "",
              "required": "true",
              "helpTip":"Maximum time to wait for a pooled component to become available."
            }
          },
          {
            "type": "attribute",
            "value": {
              "name": "minEvictionTime",
              "displayName": "Min Eviction Time",
              "inputType": "stringOrExpression",
              "defaultValue": "",
              "required": "true",
              "helpTip":"The minimum amount of time an object may sit idle in the pool before it is eligible for eviction."
            }
          },
          {
            "type": "attribute",
            "value": {
              "name": "evictionCheckInterval",
              "displayName": "Eviction Check Interval",
              "inputType": "stringOrExpression",
              "defaultValue": "",
              "required": "true",
              "helpTip":"The number of milliseconds between runs of the object evictor."
            }
          },
          {
            "type": "attribute",
            "value": {
              "name": "exhaustedAction",
              "displayName": "Exhausted Action",
              "inputType": "stringOrExpression",
              "defaultValue": "",
              "required": "true",
              "helpTip":"The behavior of the pool when the pool is exhausted."
            }
          },
          {
            "type": "attribute",
            "value": {
              "name": "sslEnabledProtocols",
              "displayName": "SSL Enabled Protocols",
              "inputType": "stringOrExpression",
              "defaultValue": "",
              "required": "false",
              "helpTip":"The list of protocols enabled for SSL connections."
            }
          },
          {
            "type": "attribute",
            "value": {
              "name": "sslKeystoreType",
              "displayName": "SSL Keystore Type",
              "inputType": "stringOrExpression",
              "defaultValue": "",
              "required": "false",
              "helpTip":"The format of the keystore file. Setting this for the client is optional."
            }
          },
          {
            "type": "attribute",
            "value": {
              "name": "sslProtocol",
              "displayName": "SSL Protocol",
              "inputType": "stringOrExpression",
              "defaultValue": "",
              "required": "false",
              "helpTip":"The SSL protocol used to generate the SSLContext."
            }
          },
          {
            "type": "attribute",
            "value": {
              "name": "sslProvider",
              "displayName": "SSL Provider",
              "inputType": "stringOrExpression",
              "defaultValue": "",
              "required": "false",
              "helpTip":"The name of the security provider used for SSL connections. The default value is the default security provider of the JVM."
            }
          },
          {
            "type": "attribute",
            "value": {
              "name": "sslTruststoreType",
              "displayName": "SSL Truststore Type",
              "inputType": "stringOrExpression",
              "defaultValue": "",
              "required": "false",
              "helpTip":"The format of the trust store file."
            }
          },
          {
            "type": "attribute",
            "value": {
              "name": "sslCipherSuites",
              "displayName": "SSL Cipher Suites",
              "inputType": "stringOrExpression",
              "defaultValue": "",
              "required": "false",
              "helpTip":"A list of cipher suites."
            }
          },
          {
            "type": "attribute",
            "value": {
              "name": "sslEndpointIdentificationAlgorithm",
              "displayName": "SSL Endpoint Identification Algorithm",
              "inputType": "stringOrExpression",
              "defaultValue": "",
              "required": "false",
              "helpTip":"The endpoint identification algorithm to validate the server hostname using a server certificate."
            }
          },
          {
            "type": "attribute",
            "value": {
              "name": "sslKeymanagerAlgorithm",
              "displayName": "SSL Key Manager Algorithm",
              "inputType": "stringOrExpression",
              "defaultValue": "",
              "required": "false",
              "helpTip":"The algorithm used by the key manager factory for SSL connections. The default value is the key manager factory algorithm configured for the Java Virtual Machine."
            }
          },
          {
            "type": "attribute",
            "value": {
              "name": "sslSecureRandomImplementation",
              "displayName": "SSL Secure Random Implementation",
              "inputType": "stringOrExpression",
              "defaultValue": "",
              "required": "false",
              "helpTip":"The SecureRandom PRNG implementation to use for SSL cryptography operations."
            }
          },
          {
            "type": "attribute",
            "value": {
              "name": "sslTrustmanagerAlgorithm",
              "displayName": "SSL Trust Manager Algorithm",
              "inputType": "stringOrExpression",
              "defaultValue": "",
              "required": "false",
              "helpTip":"The algorithm used by the trust manager factory for SSL connections. The default value is the trust manager factory algorithm configured for the Java Virtual Machine."
            }
          }
        ]
      }
    }
  ]
}
